"ITTER107","Territorio","TIPO_DATO15","Tipo di indicatore demografico","SEXISTAT1","Sesso","ETA1","Età","STATCIV2","Stato civile","TIME","Seleziona periodo","Value","Flag Codes","Flags"
"ITG1","Sicilia","JAN","popolazione al 1º gennaio","9","totale","TOTAL","totale","99","totale","2024","2024",4794512,"e","dato stimato"
"ITG11","Trapani","JAN","popolazione al 1º gennaio","9","totale","TOTAL","totale","99","totale","2024","2024",412976,"e","dato stimato"
"ITG12","Palermo","JAN","popolazione al 1º gennaio","9","totale","TOTAL","totale","99","totale","2024","2024",1198594,"e","dato stimato"
"ITG13","Messina","JAN","popolazione al 1º gennaio","9","totale","TOTAL","totale","99","totale","2024","2024",598165,"e","dato stimato"
"ITG15","Caltanissetta","JAN","popolazione al 1º gennaio","9","totale","TOTAL","totale","99","totale","2024","2024",246960,"e","dato stimato"
"ITG16","Enna","JAN","popolazione al 1º gennaio","9","totale","TOTAL","totale","99","totale","2024","2024",153589,"e","dato stimato"
"ITG17","Catania","JAN","popolazione al 1º gennaio","9","totale","TOTAL","totale","99","totale","2024","2024",1071041,"e","dato stimato"
"ITG18","Ragusa","JAN","popolazione al 1º gennaio","9","totale","TOTAL","totale","99","totale","2024","2024",319260,"e","dato stimato"
"081001","Alcamo","JAN","popolazione al 1º gennaio","9","totale","TOTAL","totale","99","totale","2024","2024",44683,"e","dato stimato"
"083001","Alcara li Fusi","JAN","popolazione al 1º gennaio","9","totale","TOTAL","totale","99","totale","2024","2024",1655,"e","dato stimato"
"084002","Alessandria della Rocca","JAN","popolazione al 1º gennaio","9","totale","TOTAL","totale","99","totale","2024","2024",2382,"e","dato stimato"
"083002","Alì","JAN","popolazione al 1º gennaio","9","totale","TOTAL","totale","99","totale","2024","2024",630,"e","dato stimato"
"083003","Alì Terme","JAN","popolazione al 1º gennaio","9","totale","TOTAL","totale","99","totale","2024","2024",2315,"e","dato stimato"
"082001","Alia","JAN","popolazione al 1º gennaio","9","totale","TOTAL","totale","99","totale","2024","2024",3242,"e","dato stimato"
"082002","Alimena","JAN","popolazione al 1º gennaio","9","totale","TOTAL","totale","99","totale","2024","2024",1789,"e","dato stimato"
"082003","Aliminusa","JAN","popolazione al 1º gennaio","9","totale","TOTAL","totale","99","totale","2024","2024",1021,"e","dato stimato"
"082004","Altavilla Milicia","JAN","popolazione al 1º gennaio","9","totale","TOTAL","totale","99","totale","2024","2024",8818,"e","dato stimato"
"084003","Aragona","JAN","popolazione al 1º gennaio","9","totale","TOTAL","totale","99","totale","2024","2024",8725,"e","dato stimato"
"089002","Avola","JAN","popolazione al 1º gennaio","9","totale","TOTAL","totale","99","totale","2024","2024",30506,"e","dato stimato"
"082006","Bagheria","JAN","popolazione al 1º gennaio","9","totale","TOTAL","totale","99","totale","2024","2024",53021,"e","dato stimato"
"ITG14","Agrigento","JAN","popolazione al 1º gennaio","9","totale","TOTAL","totale","99","totale","2024","2024",410323,"e","dato stimato"
"ITG19","Siracusa","JAN","popolazione al 1º gennaio","9","totale","TOTAL","totale","99","totale","2024","2024",383604,"e","dato stimato"
"081021","Trapani","JAN","popolazione al 1º gennaio","9","totale","TOTAL","totale","99","totale","2024","2024",55218,"e","dato stimato"
"082053","Palermo","JAN","popolazione al 1º gennaio","9","totale","TOTAL","totale","99","totale","2024","2024",628894,"e","dato stimato"
"083048","Messina","JAN","popolazione al 1º gennaio","9","totale","TOTAL","totale","99","totale","2024","2024",217895,"e","dato stimato"
"084001","Agrigento","JAN","popolazione al 1º gennaio","9","totale","TOTAL","totale","99","totale","2024","2024",55317,"e","dato stimato"
"085004","Caltanissetta","JAN","popolazione al 1º gennaio","9","totale","TOTAL","totale","99","totale","2024","2024",58342,"e","dato stimato"
"086009","Enna","JAN","popolazione al 1º gennaio","9","totale","TOTAL","totale","99","totale","2024","2024",25367,"e","dato stimato"
"087015","Catania","JAN","popolazione al 1º gennaio","9","totale","TOTAL","totale","99","totale","2024","2024",298209,"e","dato stimato"
"088009","Ragusa","JAN","popolazione al 1º gennaio","9","totale","TOTAL","totale","99","totale","2024","2024",73684,"e","dato stimato"
"089017","Siracusa","JAN","popolazione al 1º gennaio","9","totale","TOTAL","totale","99","totale","2024","2024",116051,"e","dato stimato"
"088001","Acate","JAN","popolazione al 1º gennaio","9","totale","TOTAL","totale","99","totale","2024","2024",10458,"e","dato stimato"
"087001","Aci Bonaccorsi","JAN","popolazione al 1º gennaio","9","totale","TOTAL","totale","99","totale","2024","2024",3559,"e","dato stimato"
"087002","Aci Castello","JAN","popolazione al 1º gennaio","9","totale","TOTAL","totale","99","totale","2024","2024",17782,"e","dato stimato"
"087003","Aci Catena","JAN","popolazione al 1º gennaio","9","totale","TOTAL","totale","99","totale","2024","2024",27762,"e","dato stimato"
"087005","Aci Sant'Antonio","JAN","popolazione al 1º gennaio","9","totale","TOTAL","totale","99","totale","2024","2024",18095,"e","dato stimato"
"087004","Acireale","JAN","popolazione al 1º gennaio","9","totale","TOTAL","totale","99","totale","2024","2024",50590,"e","dato stimato"
"085001","Acquaviva Platani","JAN","popolazione al 1º gennaio","9","totale","TOTAL","totale","99","totale","2024","2024",855,"e","dato stimato"
"083107","Acquedolci","JAN","popolazione al 1º gennaio","9","totale","TOTAL","totale","99","totale","2024","2024",5497,"e","dato stimato"
"087006","Adrano","JAN","popolazione al 1º gennaio","9","totale","TOTAL","totale","99","totale","2024","2024",33720,"e","dato stimato"
"086001","Agira","JAN","popolazione al 1º gennaio","9","totale","TOTAL","totale","99","totale","2024","2024",7593,"e","dato stimato"
"086002","Aidone","JAN","popolazione al 1º gennaio","9","totale","TOTAL","totale","99","totale","2024","2024",4185,"e","dato stimato"
"082005","Altofonte","JAN","popolazione al 1º gennaio","9","totale","TOTAL","totale","99","totale","2024","2024",9817,"e","dato stimato"
"083004","Antillo","JAN","popolazione al 1º gennaio","9","totale","TOTAL","totale","99","totale","2024","2024",795,"e","dato stimato"
"086003","Assoro","JAN","popolazione al 1º gennaio","9","totale","TOTAL","totale","99","totale","2024","2024",4772,"e","dato stimato"
"089001","Augusta","JAN","popolazione al 1º gennaio","9","totale","TOTAL","totale","99","totale","2024","2024",34618,"e","dato stimato"
"082007","Balestrate","JAN","popolazione al 1º gennaio","9","totale","TOTAL","totale","99","totale","2024","2024",6257,"e","dato stimato"
"083005","Barcellona Pozzo di Gotto","JAN","popolazione al 1º gennaio","9","totale","TOTAL","totale","99","totale","2024","2024",39878,"e","dato stimato"
"086004","Barrafranca","JAN","popolazione al 1º gennaio","9","totale","TOTAL","totale","99","totale","2024","2024",11617,"e","dato stimato"
"083006","Basicò","JAN","popolazione al 1º gennaio","9","totale","TOTAL","totale","99","totale","2024","2024",634,"e","dato stimato"
"087008","Biancavilla","JAN","popolazione al 1º gennaio","9","totale","TOTAL","totale","99","totale","2024","2024",22929,"e","dato stimato"
"082010","Bisacquino","JAN","popolazione al 1º gennaio","9","totale","TOTAL","totale","99","totale","2024","2024",4059,"e","dato stimato"
"084004","Bivona","JAN","popolazione al 1º gennaio","9","totale","TOTAL","totale","99","totale","2024","2024",3129,"e","dato stimato"
"082082","Blufi","JAN","popolazione al 1º gennaio","9","totale","TOTAL","totale","99","totale","2024","2024",862,"e","dato stimato"
"082011","Bolognetta","JAN","popolazione al 1º gennaio","9","totale","TOTAL","totale","99","totale","2024","2024",4115,"e","dato stimato"
"085002","Bompensiere","JAN","popolazione al 1º gennaio","9","totale","TOTAL","totale","99","totale","2024","2024",479,"e","dato stimato"
"082012","Bompietro","JAN","popolazione al 1º gennaio","9","totale","TOTAL","totale","99","totale","2024","2024",1153,"e","dato stimato"
"082013","Borgetto","JAN","popolazione al 1º gennaio","9","totale","TOTAL","totale","99","totale","2024","2024",7120,"e","dato stimato"
"083007","Brolo","JAN","popolazione al 1º gennaio","9","totale","TOTAL","totale","99","totale","2024","2024",5739,"e","dato stimato"
"087009","Bronte","JAN","popolazione al 1º gennaio","9","totale","TOTAL","totale","99","totale","2024","2024",18198,"e","dato stimato"
"089003","Buccheri","JAN","popolazione al 1º gennaio","9","totale","TOTAL","totale","99","totale","2024","2024",1725,"e","dato stimato"
"084005","Burgio","JAN","popolazione al 1º gennaio","9","totale","TOTAL","totale","99","totale","2024","2024",2480,"e","dato stimato"
"089004","Buscemi","JAN","popolazione al 1º gennaio","9","totale","TOTAL","totale","99","totale","2024","2024",949,"e","dato stimato"
"081002","Buseto Palizzolo","JAN","popolazione al 1º gennaio","9","totale","TOTAL","totale","99","totale","2024","2024",2758,"e","dato stimato"
"085003","Butera","JAN","popolazione al 1º gennaio","9","totale","TOTAL","totale","99","totale","2024","2024",4123,"e","dato stimato"
"082014","Caccamo","JAN","popolazione al 1º gennaio","9","totale","TOTAL","totale","99","totale","2024","2024",7612,"e","dato stimato"
"084009","Cammarata","JAN","popolazione al 1º gennaio","9","totale","TOTAL","totale","99","totale","2024","2024",5837,"e","dato stimato"
"084010","Campobello di Licata","JAN","popolazione al 1º gennaio","9","totale","TOTAL","totale","99","totale","2024","2024",9022,"e","dato stimato"
"081004","Campobello di Mazara","JAN","popolazione al 1º gennaio","9","totale","TOTAL","totale","99","totale","2024","2024",11340,"e","dato stimato"
"082016","Campofelice di Fitalia","JAN","popolazione al 1º gennaio","9","totale","TOTAL","totale","99","totale","2024","2024",436,"e","dato stimato"
"082017","Campofelice di Roccella","JAN","popolazione al 1º gennaio","9","totale","TOTAL","totale","99","totale","2024","2024",7744,"e","dato stimato"
"082018","Campofiorito","JAN","popolazione al 1º gennaio","9","totale","TOTAL","totale","99","totale","2024","2024",1131,"e","dato stimato"
"085005","Campofranco","JAN","popolazione al 1º gennaio","9","totale","TOTAL","totale","99","totale","2024","2024",2596,"e","dato stimato"
"082019","Camporeale","JAN","popolazione al 1º gennaio","9","totale","TOTAL","totale","99","totale","2024","2024",2931,"e","dato stimato"
"087012","Camporotondo Etneo","JAN","popolazione al 1º gennaio","9","totale","TOTAL","totale","99","totale","2024","2024",5176,"e","dato stimato"
"084011","Canicattì","JAN","popolazione al 1º gennaio","9","totale","TOTAL","totale","99","totale","2024","2024",34447,"e","dato stimato"
"089005","Canicattini Bagni","JAN","popolazione al 1º gennaio","9","totale","TOTAL","totale","99","totale","2024","2024",6488,"e","dato stimato"
"082020","Capaci","JAN","popolazione al 1º gennaio","9","totale","TOTAL","totale","99","totale","2024","2024",11348,"e","dato stimato"
"083008","Capizzi","JAN","popolazione al 1º gennaio","9","totale","TOTAL","totale","99","totale","2024","2024",2815,"e","dato stimato"
"083009","Capo d'Orlando","JAN","popolazione al 1º gennaio","9","totale","TOTAL","totale","99","totale","2024","2024",13105,"e","dato stimato"
"083010","Capri Leone","JAN","popolazione al 1º gennaio","9","totale","TOTAL","totale","99","totale","2024","2024",4362,"e","dato stimato"
"082023","Casteldaccia","JAN","popolazione al 1º gennaio","9","totale","TOTAL","totale","99","totale","2024","2024",11652,"e","dato stimato"
"082008","Baucina","JAN","popolazione al 1º gennaio","9","totale","TOTAL","totale","99","totale","2024","2024",1849,"e","dato stimato"
"082009","Belmonte Mezzagno","JAN","popolazione al 1º gennaio","9","totale","TOTAL","totale","99","totale","2024","2024",10813,"e","dato stimato"
"087007","Belpasso","JAN","popolazione al 1º gennaio","9","totale","TOTAL","totale","99","totale","2024","2024",28133,"e","dato stimato"
"084006","Calamonaci","JAN","popolazione al 1º gennaio","9","totale","TOTAL","totale","99","totale","2024","2024",1145,"e","dato stimato"
"086005","Calascibetta","JAN","popolazione al 1º gennaio","9","totale","TOTAL","totale","99","totale","2024","2024",4031,"e","dato stimato"
"087010","Calatabiano","JAN","popolazione al 1º gennaio","9","totale","TOTAL","totale","99","totale","2024","2024",5119,"e","dato stimato"
"081003","Calatafimi-Segesta","JAN","popolazione al 1º gennaio","9","totale","TOTAL","totale","99","totale","2024","2024",6056,"e","dato stimato"
"084007","Caltabellotta","JAN","popolazione al 1º gennaio","9","totale","TOTAL","totale","99","totale","2024","2024",3148,"e","dato stimato"
"087011","Caltagirone","JAN","popolazione al 1º gennaio","9","totale","TOTAL","totale","99","totale","2024","2024",35628,"e","dato stimato"
"082015","Caltavuturo","JAN","popolazione al 1º gennaio","9","totale","TOTAL","totale","99","totale","2024","2024",3437,"e","dato stimato"
"084008","Camastra","JAN","popolazione al 1º gennaio","9","totale","TOTAL","totale","99","totale","2024","2024",1992,"e","dato stimato"
"082021","Carini","JAN","popolazione al 1º gennaio","9","totale","TOTAL","totale","99","totale","2024","2024",40150,"e","dato stimato"
"089006","Carlentini","JAN","popolazione al 1º gennaio","9","totale","TOTAL","totale","99","totale","2024","2024",17029,"e","dato stimato"
"083011","Caronia","JAN","popolazione al 1º gennaio","9","totale","TOTAL","totale","99","totale","2024","2024",3003,"e","dato stimato"
"083012","Casalvecchio Siculo","JAN","popolazione al 1º gennaio","9","totale","TOTAL","totale","99","totale","2024","2024",714,"e","dato stimato"
"089007","Cassaro","JAN","popolazione al 1º gennaio","9","totale","TOTAL","totale","99","totale","2024","2024",719,"e","dato stimato"
"087013","Castel di Iudica","JAN","popolazione al 1º gennaio","9","totale","TOTAL","totale","99","totale","2024","2024",4259,"e","dato stimato"
"083013","Castel di Lucio","JAN","popolazione al 1º gennaio","9","totale","TOTAL","totale","99","totale","2024","2024",1325,"e","dato stimato"
"082022","Castelbuono","JAN","popolazione al 1º gennaio","9","totale","TOTAL","totale","99","totale","2024","2024",8016,"e","dato stimato"
"081005","Castellammare del Golfo","JAN","popolazione al 1º gennaio","9","totale","TOTAL","totale","99","totale","2024","2024",14660,"e","dato stimato"
"082024","Castellana Sicula","JAN","popolazione al 1º gennaio","9","totale","TOTAL","totale","99","totale","2024","2024",2973,"e","dato stimato"
"083014","Castell'Umberto","JAN","popolazione al 1º gennaio","9","totale","TOTAL","totale","99","totale","2024","2024",2817,"e","dato stimato"
"083015","Castelmola","JAN","popolazione al 1º gennaio","9","totale","TOTAL","totale","99","totale","2024","2024",1068,"e","dato stimato"
"084012","Casteltermini","JAN","popolazione al 1º gennaio","9","totale","TOTAL","totale","99","totale","2024","2024",7212,"e","dato stimato"
"081006","Castelvetrano","JAN","popolazione al 1º gennaio","9","totale","TOTAL","totale","99","totale","2024","2024",29249,"e","dato stimato"
"087014","Castiglione di Sicilia","JAN","popolazione al 1º gennaio","9","totale","TOTAL","totale","99","totale","2024","2024",2886,"e","dato stimato"
"084013","Castrofilippo","JAN","popolazione al 1º gennaio","9","totale","TOTAL","totale","99","totale","2024","2024",2593,"e","dato stimato"
"082025","Castronovo di Sicilia","JAN","popolazione al 1º gennaio","9","totale","TOTAL","totale","99","totale","2024","2024",2786,"e","dato stimato"
"083016","Castroreale","JAN","popolazione al 1º gennaio","9","totale","TOTAL","totale","99","totale","2024","2024",2264,"e","dato stimato"
"086006","Catenanuova","JAN","popolazione al 1º gennaio","9","totale","TOTAL","totale","99","totale","2024","2024",4452,"e","dato stimato"
"084014","Cattolica Eraclea","JAN","popolazione al 1º gennaio","9","totale","TOTAL","totale","99","totale","2024","2024",3249,"e","dato stimato"
"086007","Centuripe","JAN","popolazione al 1º gennaio","9","totale","TOTAL","totale","99","totale","2024","2024",5016,"e","dato stimato"
"086008","Cerami","JAN","popolazione al 1º gennaio","9","totale","TOTAL","totale","99","totale","2024","2024",1850,"e","dato stimato"
"082028","Cerda","JAN","popolazione al 1º gennaio","9","totale","TOTAL","totale","99","totale","2024","2024",4881,"e","dato stimato"
"083017","Cesarò","JAN","popolazione al 1º gennaio","9","totale","TOTAL","totale","99","totale","2024","2024",2114,"e","dato stimato"
"088003","Comiso","JAN","popolazione al 1º gennaio","9","totale","TOTAL","totale","99","totale","2024","2024",30092,"e","dato stimato"
"084016","Comitini","JAN","popolazione al 1º gennaio","9","totale","TOTAL","totale","99","totale","2024","2024",846,"e","dato stimato"
"083018","Condrò","JAN","popolazione al 1º gennaio","9","totale","TOTAL","totale","99","totale","2024","2024",479,"e","dato stimato"
"082033","Contessa Entellina","JAN","popolazione al 1º gennaio","9","totale","TOTAL","totale","99","totale","2024","2024",1472,"e","dato stimato"
"082034","Corleone","JAN","popolazione al 1º gennaio","9","totale","TOTAL","totale","99","totale","2024","2024",10276,"e","dato stimato"
"081008","Erice","JAN","popolazione al 1º gennaio","9","totale","TOTAL","totale","99","totale","2024","2024",26002,"e","dato stimato"
"082035","Ficarazzi","JAN","popolazione al 1º gennaio","9","totale","TOTAL","totale","99","totale","2024","2024",12827,"e","dato stimato"
"082026","Cefalà Diana","JAN","popolazione al 1º gennaio","9","totale","TOTAL","totale","99","totale","2024","2024",976,"e","dato stimato"
"082027","Cefalù","JAN","popolazione al 1º gennaio","9","totale","TOTAL","totale","99","totale","2024","2024",13861,"e","dato stimato"
"088002","Chiaramonte Gulfi","JAN","popolazione al 1º gennaio","9","totale","TOTAL","totale","99","totale","2024","2024",8019,"e","dato stimato"
"082029","Chiusa Sclafani","JAN","popolazione al 1º gennaio","9","totale","TOTAL","totale","99","totale","2024","2024",2472,"e","dato stimato"
"084015","Cianciana","JAN","popolazione al 1º gennaio","9","totale","TOTAL","totale","99","totale","2024","2024",3040,"e","dato stimato"
"082030","Ciminna","JAN","popolazione al 1º gennaio","9","totale","TOTAL","totale","99","totale","2024","2024",3353,"e","dato stimato"
"082031","Cinisi","JAN","popolazione al 1º gennaio","9","totale","TOTAL","totale","99","totale","2024","2024",11922,"e","dato stimato"
"081007","Custonaci","JAN","popolazione al 1º gennaio","9","totale","TOTAL","totale","99","totale","2024","2024",5268,"e","dato stimato"
"085006","Delia","JAN","popolazione al 1º gennaio","9","totale","TOTAL","totale","99","totale","2024","2024",3864,"e","dato stimato"
"083019","Falcone","JAN","popolazione al 1º gennaio","9","totale","TOTAL","totale","99","totale","2024","2024",2819,"e","dato stimato"
"084017","Favara","JAN","popolazione al 1º gennaio","9","totale","TOTAL","totale","99","totale","2024","2024",31451,"e","dato stimato"
"081009","Favignana","JAN","popolazione al 1º gennaio","9","totale","TOTAL","totale","99","totale","2024","2024",4513,"e","dato stimato"
"089008","Ferla","JAN","popolazione al 1º gennaio","9","totale","TOTAL","totale","99","totale","2024","2024",2259,"e","dato stimato"
"083020","Ficarra","JAN","popolazione al 1º gennaio","9","totale","TOTAL","totale","99","totale","2024","2024",1288,"e","dato stimato"
"083021","Fiumedinisi","JAN","popolazione al 1º gennaio","9","totale","TOTAL","totale","99","totale","2024","2024",1337,"e","dato stimato"
"087016","Fiumefreddo di Sicilia","JAN","popolazione al 1º gennaio","9","totale","TOTAL","totale","99","totale","2024","2024",9032,"e","dato stimato"
"083022","Floresta","JAN","popolazione al 1º gennaio","9","totale","TOTAL","totale","99","totale","2024","2024",475,"e","dato stimato"
"089009","Floridia","JAN","popolazione al 1º gennaio","9","totale","TOTAL","totale","99","totale","2024","2024",21243,"e","dato stimato"
"083023","Fondachelli-Fantina","JAN","popolazione al 1º gennaio","9","totale","TOTAL","totale","99","totale","2024","2024",1097,"e","dato stimato"
"083025","Francavilla di Sicilia","JAN","popolazione al 1º gennaio","9","totale","TOTAL","totale","99","totale","2024","2024",3523,"e","dato stimato"
"089010","Francofonte","JAN","popolazione al 1º gennaio","9","totale","TOTAL","totale","99","totale","2024","2024",11676,"e","dato stimato"
"083026","Frazzanò","JAN","popolazione al 1º gennaio","9","totale","TOTAL","totale","99","totale","2024","2024",562,"e","dato stimato"
"083027","Furci Siculo","JAN","popolazione al 1º gennaio","9","totale","TOTAL","totale","99","totale","2024","2024",3203,"e","dato stimato"
"083028","Furnari","JAN","popolazione al 1º gennaio","9","totale","TOTAL","totale","99","totale","2024","2024",4180,"e","dato stimato"
"083029","Gaggi","JAN","popolazione al 1º gennaio","9","totale","TOTAL","totale","99","totale","2024","2024",3082,"e","dato stimato"
"086010","Gagliano Castelferrato","JAN","popolazione al 1º gennaio","9","totale","TOTAL","totale","99","totale","2024","2024",3201,"e","dato stimato"
"083030","Galati Mamertino","JAN","popolazione al 1º gennaio","9","totale","TOTAL","totale","99","totale","2024","2024",2211,"e","dato stimato"
"083031","Gallodoro","JAN","popolazione al 1º gennaio","9","totale","TOTAL","totale","99","totale","2024","2024",324,"e","dato stimato"
"082036","Gangi","JAN","popolazione al 1º gennaio","9","totale","TOTAL","totale","99","totale","2024","2024",6013,"e","dato stimato"
"083032","Giardini-Naxos","JAN","popolazione al 1º gennaio","9","totale","TOTAL","totale","99","totale","2024","2024",9315,"e","dato stimato"
"088004","Giarratana","JAN","popolazione al 1º gennaio","9","totale","TOTAL","totale","99","totale","2024","2024",2907,"e","dato stimato"
"087017","Giarre","JAN","popolazione al 1º gennaio","9","totale","TOTAL","totale","99","totale","2024","2024",26520,"e","dato stimato"
"081010","Gibellina","JAN","popolazione al 1º gennaio","9","totale","TOTAL","totale","99","totale","2024","2024",3684,"e","dato stimato"
"083033","Gioiosa Marea","JAN","popolazione al 1º gennaio","9","totale","TOTAL","totale","99","totale","2024","2024",6766,"e","dato stimato"
"082039","Giuliana","JAN","popolazione al 1º gennaio","9","totale","TOTAL","totale","99","totale","2024","2024",1672,"e","dato stimato"
"082040","Godrano","JAN","popolazione al 1º gennaio","9","totale","TOTAL","totale","99","totale","2024","2024",1019,"e","dato stimato"
"087018","Grammichele","JAN","popolazione al 1º gennaio","9","totale","TOTAL","totale","99","totale","2024","2024",12405,"e","dato stimato"
"083034","Graniti","JAN","popolazione al 1º gennaio","9","totale","TOTAL","totale","99","totale","2024","2024",1453,"e","dato stimato"
"087019","Gravina di Catania","JAN","popolazione al 1º gennaio","9","totale","TOTAL","totale","99","totale","2024","2024",25292,"e","dato stimato"
"084018","Grotte","JAN","popolazione al 1º gennaio","9","totale","TOTAL","totale","99","totale","2024","2024",5140,"e","dato stimato"
"083035","Gualtieri Sicaminò","JAN","popolazione al 1º gennaio","9","totale","TOTAL","totale","99","totale","2024","2024",1555,"e","dato stimato"
"083036","Itala","JAN","popolazione al 1º gennaio","9","totale","TOTAL","totale","99","totale","2024","2024",1491,"e","dato stimato"
"084019","Joppolo Giancaxio","JAN","popolazione al 1º gennaio","9","totale","TOTAL","totale","99","totale","2024","2024",1061,"e","dato stimato"
"084020","Lampedusa e Linosa","JAN","popolazione al 1º gennaio","9","totale","TOTAL","totale","99","totale","2024","2024",6538,"e","dato stimato"
"082044","Lascari","JAN","popolazione al 1º gennaio","9","totale","TOTAL","totale","99","totale","2024","2024",3703,"e","dato stimato"
"083037","Leni","JAN","popolazione al 1º gennaio","9","totale","TOTAL","totale","99","totale","2024","2024",677,"e","dato stimato"
"089011","Lentini","JAN","popolazione al 1º gennaio","9","totale","TOTAL","totale","99","totale","2024","2024",21423,"e","dato stimato"
"086011","Leonforte","JAN","popolazione al 1º gennaio","9","totale","TOTAL","totale","99","totale","2024","2024",12183,"e","dato stimato"
"082045","Lercara Friddi","JAN","popolazione al 1º gennaio","9","totale","TOTAL","totale","99","totale","2024","2024",6113,"e","dato stimato"
"083042","Longi","JAN","popolazione al 1º gennaio","9","totale","TOTAL","totale","99","totale","2024","2024",1301,"e","dato stimato"
"083043","Malfa","JAN","popolazione al 1º gennaio","9","totale","TOTAL","totale","99","totale","2024","2024",1001,"e","dato stimato"
"083024","Forza d'Agrò","JAN","popolazione al 1º gennaio","9","totale","TOTAL","totale","99","totale","2024","2024",845,"e","dato stimato"
"085007","Gela","JAN","popolazione al 1º gennaio","9","totale","TOTAL","totale","99","totale","2024","2024",70811,"e","dato stimato"
"082037","Geraci Siculo","JAN","popolazione al 1º gennaio","9","totale","TOTAL","totale","99","totale","2024","2024",1697,"e","dato stimato"
"082038","Giardinello","JAN","popolazione al 1º gennaio","9","totale","TOTAL","totale","99","totale","2024","2024",2241,"e","dato stimato"
"082041","Gratteri","JAN","popolazione al 1º gennaio","9","totale","TOTAL","totale","99","totale","2024","2024",850,"e","dato stimato"
"082042","Isnello","JAN","popolazione al 1º gennaio","9","totale","TOTAL","totale","99","totale","2024","2024",1285,"e","dato stimato"
"082043","Isola delle Femmine","JAN","popolazione al 1º gennaio","9","totale","TOTAL","totale","99","totale","2024","2024",7039,"e","dato stimato"
"088005","Ispica","JAN","popolazione al 1º gennaio","9","totale","TOTAL","totale","99","totale","2024","2024",16386,"e","dato stimato"
"083038","Letojanni","JAN","popolazione al 1º gennaio","9","totale","TOTAL","totale","99","totale","2024","2024",2914,"e","dato stimato"
"083039","Librizzi","JAN","popolazione al 1º gennaio","9","totale","TOTAL","totale","99","totale","2024","2024",1570,"e","dato stimato"
"084021","Licata","JAN","popolazione al 1º gennaio","9","totale","TOTAL","totale","99","totale","2024","2024",34189,"e","dato stimato"
"087020","Licodia Eubea","JAN","popolazione al 1º gennaio","9","totale","TOTAL","totale","99","totale","2024","2024",2735,"e","dato stimato"
"083040","Limina","JAN","popolazione al 1º gennaio","9","totale","TOTAL","totale","99","totale","2024","2024",727,"e","dato stimato"
"087021","Linguaglossa","JAN","popolazione al 1º gennaio","9","totale","TOTAL","totale","99","totale","2024","2024",4963,"e","dato stimato"
"083041","Lipari","JAN","popolazione al 1º gennaio","9","totale","TOTAL","totale","99","totale","2024","2024",12685,"e","dato stimato"
"084022","Lucca Sicula","JAN","popolazione al 1º gennaio","9","totale","TOTAL","totale","99","totale","2024","2024",1697,"e","dato stimato"
"087022","Maletto","JAN","popolazione al 1º gennaio","9","totale","TOTAL","totale","99","totale","2024","2024",3557,"e","dato stimato"
"083044","Malvagna","JAN","popolazione al 1º gennaio","9","totale","TOTAL","totale","99","totale","2024","2024",608,"e","dato stimato"
"083045","Mandanici","JAN","popolazione al 1º gennaio","9","totale","TOTAL","totale","99","totale","2024","2024",493,"e","dato stimato"
"087057","Maniace","JAN","popolazione al 1º gennaio","9","totale","TOTAL","totale","99","totale","2024","2024",3758,"e","dato stimato"
"085008","Marianopoli","JAN","popolazione al 1º gennaio","9","totale","TOTAL","totale","99","totale","2024","2024",1561,"e","dato stimato"
"081011","Marsala","JAN","popolazione al 1º gennaio","9","totale","TOTAL","totale","99","totale","2024","2024",79833,"e","dato stimato"
"087023","Mascali","JAN","popolazione al 1º gennaio","9","totale","TOTAL","totale","99","totale","2024","2024",14397,"e","dato stimato"
"087024","Mascalucia","JAN","popolazione al 1º gennaio","9","totale","TOTAL","totale","99","totale","2024","2024",32105,"e","dato stimato"
"081012","Mazara del Vallo","JAN","popolazione al 1º gennaio","9","totale","TOTAL","totale","99","totale","2024","2024",50117,"e","dato stimato"
"085009","Mazzarino","JAN","popolazione al 1º gennaio","9","totale","TOTAL","totale","99","totale","2024","2024",10827,"e","dato stimato"
"083046","Mazzarrà Sant'Andrea","JAN","popolazione al 1º gennaio","9","totale","TOTAL","totale","99","totale","2024","2024",1399,"e","dato stimato"
"087056","Mazzarrone","JAN","popolazione al 1º gennaio","9","totale","TOTAL","totale","99","totale","2024","2024",3987,"e","dato stimato"
"089012","Melilli","JAN","popolazione al 1º gennaio","9","totale","TOTAL","totale","99","totale","2024","2024",13184,"e","dato stimato"
"084023","Menfi","JAN","popolazione al 1º gennaio","9","totale","TOTAL","totale","99","totale","2024","2024",11817,"e","dato stimato"
"083047","Merì","JAN","popolazione al 1º gennaio","9","totale","TOTAL","totale","99","totale","2024","2024",2305,"e","dato stimato"
"083054","Monforte San Giorgio","JAN","popolazione al 1º gennaio","9","totale","TOTAL","totale","99","totale","2024","2024",2448,"e","dato stimato"
"083055","Mongiuffi Melia","JAN","popolazione al 1º gennaio","9","totale","TOTAL","totale","99","totale","2024","2024",521,"e","dato stimato"
"082049","Monreale","JAN","popolazione al 1º gennaio","9","totale","TOTAL","totale","99","totale","2024","2024",38776,"e","dato stimato"
"083056","Montagnareale","JAN","popolazione al 1º gennaio","9","totale","TOTAL","totale","99","totale","2024","2024",1378,"e","dato stimato"
"083057","Montalbano Elicona","JAN","popolazione al 1º gennaio","9","totale","TOTAL","totale","99","totale","2024","2024",2077,"e","dato stimato"
"084024","Montallegro","JAN","popolazione al 1º gennaio","9","totale","TOTAL","totale","99","totale","2024","2024",2349,"e","dato stimato"
"085011","Montedoro","JAN","popolazione al 1º gennaio","9","totale","TOTAL","totale","99","totale","2024","2024",1356,"e","dato stimato"
"088007","Monterosso Almo","JAN","popolazione al 1º gennaio","9","totale","TOTAL","totale","99","totale","2024","2024",2753,"e","dato stimato"
"084025","Montevago","JAN","popolazione al 1º gennaio","9","totale","TOTAL","totale","99","totale","2024","2024",2661,"e","dato stimato"
"085013","Niscemi","JAN","popolazione al 1º gennaio","9","totale","TOTAL","totale","99","totale","2024","2024",24810,"e","dato stimato"
"086013","Nissoria","JAN","popolazione al 1º gennaio","9","totale","TOTAL","totale","99","totale","2024","2024",2828,"e","dato stimato"
"083061","Nizza di Sicilia","JAN","popolazione al 1º gennaio","9","totale","TOTAL","totale","99","totale","2024","2024",3528,"e","dato stimato"
"089013","Noto","JAN","popolazione al 1º gennaio","9","totale","TOTAL","totale","99","totale","2024","2024",24572,"e","dato stimato"
"083062","Novara di Sicilia","JAN","popolazione al 1º gennaio","9","totale","TOTAL","totale","99","totale","2024","2024",1130,"e","dato stimato"
"083063","Oliveri","JAN","popolazione al 1º gennaio","9","totale","TOTAL","totale","99","totale","2024","2024",2187,"e","dato stimato"
"083064","Pace del Mela","JAN","popolazione al 1º gennaio","9","totale","TOTAL","totale","99","totale","2024","2024",5956,"e","dato stimato"
"081013","Paceco","JAN","popolazione al 1º gennaio","9","totale","TOTAL","totale","99","totale","2024","2024",10676,"e","dato stimato"
"083065","Pagliara","JAN","popolazione al 1º gennaio","9","totale","TOTAL","totale","99","totale","2024","2024",1116,"e","dato stimato"
"082052","Palazzo Adriano","JAN","popolazione al 1º gennaio","9","totale","TOTAL","totale","99","totale","2024","2024",1763,"e","dato stimato"
"089015","Palazzolo Acreide","JAN","popolazione al 1º gennaio","9","totale","TOTAL","totale","99","totale","2024","2024",8049,"e","dato stimato"
"084027","Palma di Montechiaro","JAN","popolazione al 1º gennaio","9","totale","TOTAL","totale","99","totale","2024","2024",21336,"e","dato stimato"
"081024","Petrosino","JAN","popolazione al 1º gennaio","9","totale","TOTAL","totale","99","totale","2024","2024",7907,"e","dato stimato"
"083067","Pettineo","JAN","popolazione al 1º gennaio","9","totale","TOTAL","totale","99","totale","2024","2024",1241,"e","dato stimato"
"082057","Piana degli Albanesi","JAN","popolazione al 1º gennaio","9","totale","TOTAL","totale","99","totale","2024","2024",5451,"e","dato stimato"
"082046","Marineo","JAN","popolazione al 1º gennaio","9","totale","TOTAL","totale","99","totale","2024","2024",6063,"e","dato stimato"
"082047","Mezzojuso","JAN","popolazione al 1º gennaio","9","totale","TOTAL","totale","99","totale","2024","2024",2578,"e","dato stimato"
"083049","Milazzo","JAN","popolazione al 1º gennaio","9","totale","TOTAL","totale","99","totale","2024","2024",29998,"e","dato stimato"
"085010","Milena","JAN","popolazione al 1º gennaio","9","totale","TOTAL","totale","99","totale","2024","2024",2660,"e","dato stimato"
"087025","Militello in Val di Catania","JAN","popolazione al 1º gennaio","9","totale","TOTAL","totale","99","totale","2024","2024",6729,"e","dato stimato"
"083050","Militello Rosmarino","JAN","popolazione al 1º gennaio","9","totale","TOTAL","totale","99","totale","2024","2024",1147,"e","dato stimato"
"087026","Milo","JAN","popolazione al 1º gennaio","9","totale","TOTAL","totale","99","totale","2024","2024",1022,"e","dato stimato"
"087027","Mineo","JAN","popolazione al 1º gennaio","9","totale","TOTAL","totale","99","totale","2024","2024",4389,"e","dato stimato"
"087028","Mirabella Imbaccari","JAN","popolazione al 1º gennaio","9","totale","TOTAL","totale","99","totale","2024","2024",4214,"e","dato stimato"
"083051","Mirto","JAN","popolazione al 1º gennaio","9","totale","TOTAL","totale","99","totale","2024","2024",872,"e","dato stimato"
"082048","Misilmeri","JAN","popolazione al 1º gennaio","9","totale","TOTAL","totale","99","totale","2024","2024",28948,"e","dato stimato"
"087029","Misterbianco","JAN","popolazione al 1º gennaio","9","totale","TOTAL","totale","99","totale","2024","2024",48793,"e","dato stimato"
"083052","Mistretta","JAN","popolazione al 1º gennaio","9","totale","TOTAL","totale","99","totale","2024","2024",4315,"e","dato stimato"
"088006","Modica","JAN","popolazione al 1º gennaio","9","totale","TOTAL","totale","99","totale","2024","2024",53442,"e","dato stimato"
"083053","Moio Alcantara","JAN","popolazione al 1º gennaio","9","totale","TOTAL","totale","99","totale","2024","2024",686,"e","dato stimato"
"082050","Montelepre","JAN","popolazione al 1º gennaio","9","totale","TOTAL","totale","99","totale","2024","2024",5713,"e","dato stimato"
"082051","Montemaggiore Belsito","JAN","popolazione al 1º gennaio","9","totale","TOTAL","totale","99","totale","2024","2024",2895,"e","dato stimato"
"083058","Motta Camastra","JAN","popolazione al 1º gennaio","9","totale","TOTAL","totale","99","totale","2024","2024",796,"e","dato stimato"
"083059","Motta d'Affermo","JAN","popolazione al 1º gennaio","9","totale","TOTAL","totale","99","totale","2024","2024",655,"e","dato stimato"
"087030","Motta Sant'Anastasia","JAN","popolazione al 1º gennaio","9","totale","TOTAL","totale","99","totale","2024","2024",12060,"e","dato stimato"
"085012","Mussomeli","JAN","popolazione al 1º gennaio","9","totale","TOTAL","totale","99","totale","2024","2024",9919,"e","dato stimato"
"084026","Naro","JAN","popolazione al 1º gennaio","9","totale","TOTAL","totale","99","totale","2024","2024",7034,"e","dato stimato"
"083060","Naso","JAN","popolazione al 1º gennaio","9","totale","TOTAL","totale","99","totale","2024","2024",3417,"e","dato stimato"
"087031","Nicolosi","JAN","popolazione al 1º gennaio","9","totale","TOTAL","totale","99","totale","2024","2024",7606,"e","dato stimato"
"086012","Nicosia","JAN","popolazione al 1º gennaio","9","totale","TOTAL","totale","99","totale","2024","2024",12589,"e","dato stimato"
"089014","Pachino","JAN","popolazione al 1º gennaio","9","totale","TOTAL","totale","99","totale","2024","2024",21826,"e","dato stimato"
"087032","Palagonia","JAN","popolazione al 1º gennaio","9","totale","TOTAL","totale","99","totale","2024","2024",15650,"e","dato stimato"
"081014","Pantelleria","JAN","popolazione al 1º gennaio","9","totale","TOTAL","totale","99","totale","2024","2024",7282,"e","dato stimato"
"081015","Partanna","JAN","popolazione al 1º gennaio","9","totale","TOTAL","totale","99","totale","2024","2024",9822,"e","dato stimato"
"082054","Partinico","JAN","popolazione al 1º gennaio","9","totale","TOTAL","totale","99","totale","2024","2024",30746,"e","dato stimato"
"087033","Paternò","JAN","popolazione al 1º gennaio","9","totale","TOTAL","totale","99","totale","2024","2024",44970,"e","dato stimato"
"083066","Patti","JAN","popolazione al 1º gennaio","9","totale","TOTAL","totale","99","totale","2024","2024",12699,"e","dato stimato"
"087034","Pedara","JAN","popolazione al 1º gennaio","9","totale","TOTAL","totale","99","totale","2024","2024",15166,"e","dato stimato"
"082055","Petralia Soprana","JAN","popolazione al 1º gennaio","9","totale","TOTAL","totale","99","totale","2024","2024",2908,"e","dato stimato"
"082056","Petralia Sottana","JAN","popolazione al 1º gennaio","9","totale","TOTAL","totale","99","totale","2024","2024",2415,"e","dato stimato"
"086014","Piazza Armerina","JAN","popolazione al 1º gennaio","9","totale","TOTAL","totale","99","totale","2024","2024",20709,"e","dato stimato"
"087035","Piedimonte Etneo","JAN","popolazione al 1º gennaio","9","totale","TOTAL","totale","99","totale","2024","2024",3900,"e","dato stimato"
"086015","Pietraperzia","JAN","popolazione al 1º gennaio","9","totale","TOTAL","totale","99","totale","2024","2024",6304,"e","dato stimato"
"083068","Piraino","JAN","popolazione al 1º gennaio","9","totale","TOTAL","totale","99","totale","2024","2024",3797,"e","dato stimato"
"081016","Poggioreale","JAN","popolazione al 1º gennaio","9","totale","TOTAL","totale","99","totale","2024","2024",1291,"e","dato stimato"
"082058","Polizzi Generosa","JAN","popolazione al 1º gennaio","9","totale","TOTAL","totale","99","totale","2024","2024",2851,"e","dato stimato"
"084028","Porto Empedocle","JAN","popolazione al 1º gennaio","9","totale","TOTAL","totale","99","totale","2024","2024",15584,"e","dato stimato"
"089020","Portopalo di Capo Passero","JAN","popolazione al 1º gennaio","9","totale","TOTAL","totale","99","totale","2024","2024",3826,"e","dato stimato"
"088008","Pozzallo","JAN","popolazione al 1º gennaio","9","totale","TOTAL","totale","99","totale","2024","2024",18900,"e","dato stimato"
"089021","Priolo Gargallo","JAN","popolazione al 1º gennaio","9","totale","TOTAL","totale","99","totale","2024","2024",11198,"e","dato stimato"
"082060","Prizzi","JAN","popolazione al 1º gennaio","9","totale","TOTAL","totale","99","totale","2024","2024",4083,"e","dato stimato"
"084029","Racalmuto","JAN","popolazione al 1º gennaio","9","totale","TOTAL","totale","99","totale","2024","2024",7531,"e","dato stimato"
"083069","Raccuja","JAN","popolazione al 1º gennaio","9","totale","TOTAL","totale","99","totale","2024","2024",834,"e","dato stimato"
"087036","Raddusa","JAN","popolazione al 1º gennaio","9","totale","TOTAL","totale","99","totale","2024","2024",2787,"e","dato stimato"
"084030","Raffadali","JAN","popolazione al 1º gennaio","9","totale","TOTAL","totale","99","totale","2024","2024",11855,"e","dato stimato"
"087058","Ragalna","JAN","popolazione al 1º gennaio","9","totale","TOTAL","totale","99","totale","2024","2024",4216,"e","dato stimato"
"087037","Ramacca","JAN","popolazione al 1º gennaio","9","totale","TOTAL","totale","99","totale","2024","2024",10187,"e","dato stimato"
"087038","Randazzo","JAN","popolazione al 1º gennaio","9","totale","TOTAL","totale","99","totale","2024","2024",10156,"e","dato stimato"
"084031","Ravanusa","JAN","popolazione al 1º gennaio","9","totale","TOTAL","totale","99","totale","2024","2024",10259,"e","dato stimato"
"084032","Realmonte","JAN","popolazione al 1º gennaio","9","totale","TOTAL","totale","99","totale","2024","2024",4378,"e","dato stimato"
"086016","Regalbuto","JAN","popolazione al 1º gennaio","9","totale","TOTAL","totale","99","totale","2024","2024",6629,"e","dato stimato"
"083070","Reitano","JAN","popolazione al 1º gennaio","9","totale","TOTAL","totale","99","totale","2024","2024",705,"e","dato stimato"
"085014","Resuttano","JAN","popolazione al 1º gennaio","9","totale","TOTAL","totale","99","totale","2024","2024",1717,"e","dato stimato"
"085015","Riesi","JAN","popolazione al 1º gennaio","9","totale","TOTAL","totale","99","totale","2024","2024",10401,"e","dato stimato"
"087039","Riposto","JAN","popolazione al 1º gennaio","9","totale","TOTAL","totale","99","totale","2024","2024",13991,"e","dato stimato"
"082062","Roccapalumba","JAN","popolazione al 1º gennaio","9","totale","TOTAL","totale","99","totale","2024","2024",2131,"e","dato stimato"
"083076","Rometta","JAN","popolazione al 1º gennaio","9","totale","TOTAL","totale","99","totale","2024","2024",6596,"e","dato stimato"
"082059","Pollina","JAN","popolazione al 1º gennaio","9","totale","TOTAL","totale","99","totale","2024","2024",2822,"e","dato stimato"
"084033","Ribera","JAN","popolazione al 1º gennaio","9","totale","TOTAL","totale","99","totale","2024","2024",17761,"e","dato stimato"
"083071","Roccafiorita","JAN","popolazione al 1º gennaio","9","totale","TOTAL","totale","99","totale","2024","2024",178,"e","dato stimato"
"083072","Roccalumera","JAN","popolazione al 1º gennaio","9","totale","TOTAL","totale","99","totale","2024","2024",4064,"e","dato stimato"
"082061","Roccamena","JAN","popolazione al 1º gennaio","9","totale","TOTAL","totale","99","totale","2024","2024",1314,"e","dato stimato"
"083073","Roccavaldina","JAN","popolazione al 1º gennaio","9","totale","TOTAL","totale","99","totale","2024","2024",1003,"e","dato stimato"
"083074","Roccella Valdemone","JAN","popolazione al 1º gennaio","9","totale","TOTAL","totale","99","totale","2024","2024",560,"e","dato stimato"
"083075","Rodì Milici","JAN","popolazione al 1º gennaio","9","totale","TOTAL","totale","99","totale","2024","2024",1959,"e","dato stimato"
"089016","Rosolini","JAN","popolazione al 1º gennaio","9","totale","TOTAL","totale","99","totale","2024","2024",20580,"e","dato stimato"
"081017","Salaparuta","JAN","popolazione al 1º gennaio","9","totale","TOTAL","totale","99","totale","2024","2024",1547,"e","dato stimato"
"081018","Salemi","JAN","popolazione al 1º gennaio","9","totale","TOTAL","totale","99","totale","2024","2024",9974,"e","dato stimato"
"084034","Sambuca di Sicilia","JAN","popolazione al 1º gennaio","9","totale","TOTAL","totale","99","totale","2024","2024",5321,"e","dato stimato"
"084035","San Biagio Platani","JAN","popolazione al 1º gennaio","9","totale","TOTAL","totale","99","totale","2024","2024",2829,"e","dato stimato"
"085016","San Cataldo","JAN","popolazione al 1º gennaio","9","totale","TOTAL","totale","99","totale","2024","2024",20659,"e","dato stimato"
"082063","San Cipirello","JAN","popolazione al 1º gennaio","9","totale","TOTAL","totale","99","totale","2024","2024",4884,"e","dato stimato"
"087040","San Cono","JAN","popolazione al 1º gennaio","9","totale","TOTAL","totale","99","totale","2024","2024",2451,"e","dato stimato"
"083077","San Filippo del Mela","JAN","popolazione al 1º gennaio","9","totale","TOTAL","totale","99","totale","2024","2024",6691,"e","dato stimato"
"083078","San Fratello","JAN","popolazione al 1º gennaio","9","totale","TOTAL","totale","99","totale","2024","2024",3198,"e","dato stimato"
"084036","San Giovanni Gemini","JAN","popolazione al 1º gennaio","9","totale","TOTAL","totale","99","totale","2024","2024",7469,"e","dato stimato"
"087041","San Giovanni la Punta","JAN","popolazione al 1º gennaio","9","totale","TOTAL","totale","99","totale","2024","2024",23995,"e","dato stimato"
"082064","San Giuseppe Jato","JAN","popolazione al 1º gennaio","9","totale","TOTAL","totale","99","totale","2024","2024",8019,"e","dato stimato"
"087042","San Gregorio di Catania","JAN","popolazione al 1º gennaio","9","totale","TOTAL","totale","99","totale","2024","2024",11501,"e","dato stimato"
"083079","San Marco d'Alunzio","JAN","popolazione al 1º gennaio","9","totale","TOTAL","totale","99","totale","2024","2024",1817,"e","dato stimato"
"082065","San Mauro Castelverde","JAN","popolazione al 1º gennaio","9","totale","TOTAL","totale","99","totale","2024","2024",1316,"e","dato stimato"
"087043","San Michele di Ganzaria","JAN","popolazione al 1º gennaio","9","totale","TOTAL","totale","99","totale","2024","2024",2844,"e","dato stimato"
"083080","San Pier Niceto","JAN","popolazione al 1º gennaio","9","totale","TOTAL","totale","99","totale","2024","2024",2583,"e","dato stimato"
"083081","San Piero Patti","JAN","popolazione al 1º gennaio","9","totale","TOTAL","totale","99","totale","2024","2024",2593,"e","dato stimato"
"087044","San Pietro Clarenza","JAN","popolazione al 1º gennaio","9","totale","TOTAL","totale","99","totale","2024","2024",8339,"e","dato stimato"
"083082","San Salvatore di Fitalia","JAN","popolazione al 1º gennaio","9","totale","TOTAL","totale","99","totale","2024","2024",1119,"e","dato stimato"
"083090","San Teodoro","JAN","popolazione al 1º gennaio","9","totale","TOTAL","totale","99","totale","2024","2024",1251,"e","dato stimato"
"081020","San Vito Lo Capo","JAN","popolazione al 1º gennaio","9","totale","TOTAL","totale","99","totale","2024","2024",4801,"e","dato stimato"
"085017","Santa Caterina Villarmosa","JAN","popolazione al 1º gennaio","9","totale","TOTAL","totale","99","totale","2024","2024",4578,"e","dato stimato"
"082066","Santa Cristina Gela","JAN","popolazione al 1º gennaio","9","totale","TOTAL","totale","99","totale","2024","2024",993,"e","dato stimato"
"088010","Santa Croce Camerina","JAN","popolazione al 1º gennaio","9","totale","TOTAL","totale","99","totale","2024","2024",11155,"e","dato stimato"
"083083","Santa Domenica Vittoria","JAN","popolazione al 1º gennaio","9","totale","TOTAL","totale","99","totale","2024","2024",853,"e","dato stimato"
"084037","Santa Elisabetta","JAN","popolazione al 1º gennaio","9","totale","TOTAL","totale","99","totale","2024","2024",2184,"e","dato stimato"
"082067","Santa Flavia","JAN","popolazione al 1º gennaio","9","totale","TOTAL","totale","99","totale","2024","2024",11035,"e","dato stimato"
"083086","Santa Lucia del Mela","JAN","popolazione al 1º gennaio","9","totale","TOTAL","totale","99","totale","2024","2024",4374,"e","dato stimato"
"084038","Santa Margherita di Belice","JAN","popolazione al 1º gennaio","9","totale","TOTAL","totale","99","totale","2024","2024",5958,"e","dato stimato"
"087047","Santa Maria di Licodia","JAN","popolazione al 1º gennaio","9","totale","TOTAL","totale","99","totale","2024","2024",7530,"e","dato stimato"
"083087","Santa Marina Salina","JAN","popolazione al 1º gennaio","9","totale","TOTAL","totale","99","totale","2024","2024",858,"e","dato stimato"
"081019","Santa Ninfa","JAN","popolazione al 1º gennaio","9","totale","TOTAL","totale","99","totale","2024","2024",4728,"e","dato stimato"
"084040","Santo Stefano Quisquina","JAN","popolazione al 1º gennaio","9","totale","TOTAL","totale","99","totale","2024","2024",3998,"e","dato stimato"
"083092","Saponara","JAN","popolazione al 1º gennaio","9","totale","TOTAL","totale","99","totale","2024","2024",3670,"e","dato stimato"
"083093","Savoca","JAN","popolazione al 1º gennaio","9","totale","TOTAL","totale","99","totale","2024","2024",1715,"e","dato stimato"
"083094","Scaletta Zanclea","JAN","popolazione al 1º gennaio","9","totale","TOTAL","totale","99","totale","2024","2024",1845,"e","dato stimato"
"084041","Sciacca","JAN","popolazione al 1º gennaio","9","totale","TOTAL","totale","99","totale","2024","2024",38712,"e","dato stimato"
"082068","Sciara","JAN","popolazione al 1º gennaio","9","totale","TOTAL","totale","99","totale","2024","2024",2485,"e","dato stimato"
"088011","Scicli","JAN","popolazione al 1º gennaio","9","totale","TOTAL","totale","99","totale","2024","2024",26786,"e","dato stimato"
"082081","Scillato","JAN","popolazione al 1º gennaio","9","totale","TOTAL","totale","99","totale","2024","2024",587,"e","dato stimato"
"082069","Sclafani Bagni","JAN","popolazione al 1º gennaio","9","totale","TOTAL","totale","99","totale","2024","2024",369,"e","dato stimato"
"087049","Scordia","JAN","popolazione al 1º gennaio","9","totale","TOTAL","totale","99","totale","2024","2024",16023,"e","dato stimato"
"083095","Sinagra","JAN","popolazione al 1º gennaio","9","totale","TOTAL","totale","99","totale","2024","2024",2462,"e","dato stimato"
"089018","Solarino","JAN","popolazione al 1º gennaio","9","totale","TOTAL","totale","99","totale","2024","2024",7536,"e","dato stimato"
"085020","Sutera","JAN","popolazione al 1º gennaio","9","totale","TOTAL","totale","99","totale","2024","2024",1162,"e","dato stimato"
"083097","Taormina","JAN","popolazione al 1º gennaio","9","totale","TOTAL","totale","99","totale","2024","2024",10499,"e","dato stimato"
"087050","Trecastagni","JAN","popolazione al 1º gennaio","9","totale","TOTAL","totale","99","totale","2024","2024",11324,"e","dato stimato"
"087051","Tremestieri Etneo","JAN","popolazione al 1º gennaio","9","totale","TOTAL","totale","99","totale","2024","2024",19371,"e","dato stimato"
"082076","Valledolmo","JAN","popolazione al 1º gennaio","9","totale","TOTAL","totale","99","totale","2024","2024",3115,"e","dato stimato"
"085021","Vallelunga Pratameno","JAN","popolazione al 1º gennaio","9","totale","TOTAL","totale","99","totale","2024","2024",3057,"e","dato stimato"
"083089","Santa Teresa di Riva","JAN","popolazione al 1º gennaio","9","totale","TOTAL","totale","99","totale","2024","2024",9266,"e","dato stimato"
"087048","Santa Venerina","JAN","popolazione al 1º gennaio","9","totale","TOTAL","totale","99","totale","2024","2024",8426,"e","dato stimato"
"083084","Sant'Agata di Militello","JAN","popolazione al 1º gennaio","9","totale","TOTAL","totale","99","totale","2024","2024",11933,"e","dato stimato"
"087045","Sant'Agata li Battiati","JAN","popolazione al 1º gennaio","9","totale","TOTAL","totale","99","totale","2024","2024",9271,"e","dato stimato"
"083085","Sant'Alessio Siculo","JAN","popolazione al 1º gennaio","9","totale","TOTAL","totale","99","totale","2024","2024",1550,"e","dato stimato"
"087046","Sant'Alfio","JAN","popolazione al 1º gennaio","9","totale","TOTAL","totale","99","totale","2024","2024",1514,"e","dato stimato"
"083088","Sant'Angelo di Brolo","JAN","popolazione al 1º gennaio","9","totale","TOTAL","totale","99","totale","2024","2024",2722,"e","dato stimato"
"084039","Sant'Angelo Muxaro","JAN","popolazione al 1º gennaio","9","totale","TOTAL","totale","99","totale","2024","2024",1168,"e","dato stimato"
"083091","Santo Stefano di Camastra","JAN","popolazione al 1º gennaio","9","totale","TOTAL","totale","99","totale","2024","2024",4351,"e","dato stimato"
"085018","Serradifalco","JAN","popolazione al 1º gennaio","9","totale","TOTAL","totale","99","totale","2024","2024",5454,"e","dato stimato"
"084042","Siculiana","JAN","popolazione al 1º gennaio","9","totale","TOTAL","totale","99","totale","2024","2024",4159,"e","dato stimato"
"085019","Sommatino","JAN","popolazione al 1º gennaio","9","totale","TOTAL","totale","99","totale","2024","2024",6339,"e","dato stimato"
"089019","Sortino","JAN","popolazione al 1º gennaio","9","totale","TOTAL","totale","99","totale","2024","2024",8147,"e","dato stimato"
"083096","Spadafora","JAN","popolazione al 1º gennaio","9","totale","TOTAL","totale","99","totale","2024","2024",4648,"e","dato stimato"
"086017","Sperlinga","JAN","popolazione al 1º gennaio","9","totale","TOTAL","totale","99","totale","2024","2024",675,"e","dato stimato"
"083106","Terme Vigliatore","JAN","popolazione al 1º gennaio","9","totale","TOTAL","totale","99","totale","2024","2024",7244,"e","dato stimato"
"082070","Termini Imerese","JAN","popolazione al 1º gennaio","9","totale","TOTAL","totale","99","totale","2024","2024",24836,"e","dato stimato"
"082071","Terrasini","JAN","popolazione al 1º gennaio","9","totale","TOTAL","totale","99","totale","2024","2024",12961,"e","dato stimato"
"083098","Torregrotta","JAN","popolazione al 1º gennaio","9","totale","TOTAL","totale","99","totale","2024","2024",7297,"e","dato stimato"
"083108","Torrenova","JAN","popolazione al 1º gennaio","9","totale","TOTAL","totale","99","totale","2024","2024",4512,"e","dato stimato"
"082072","Torretta","JAN","popolazione al 1º gennaio","9","totale","TOTAL","totale","99","totale","2024","2024",4367,"e","dato stimato"
"083099","Tortorici","JAN","popolazione al 1º gennaio","9","totale","TOTAL","totale","99","totale","2024","2024",5629,"e","dato stimato"
"082073","Trabia","JAN","popolazione al 1º gennaio","9","totale","TOTAL","totale","99","totale","2024","2024",10616,"e","dato stimato"
"082074","Trappeto","JAN","popolazione al 1º gennaio","9","totale","TOTAL","totale","99","totale","2024","2024",3091,"e","dato stimato"
"083100","Tripi","JAN","popolazione al 1º gennaio","9","totale","TOTAL","totale","99","totale","2024","2024",748,"e","dato stimato"
"086018","Troina","JAN","popolazione al 1º gennaio","9","totale","TOTAL","totale","99","totale","2024","2024",8423,"e","dato stimato"
"083101","Tusa","JAN","popolazione al 1º gennaio","9","totale","TOTAL","totale","99","totale","2024","2024",2543,"e","dato stimato"
"083102","Ucria","JAN","popolazione al 1º gennaio","9","totale","TOTAL","totale","99","totale","2024","2024",876,"e","dato stimato"
"082075","Ustica","JAN","popolazione al 1º gennaio","9","totale","TOTAL","totale","99","totale","2024","2024",1310,"e","dato stimato"
"081022","Valderice","JAN","popolazione al 1º gennaio","9","totale","TOTAL","totale","99","totale","2024","2024",11389,"e","dato stimato"
"083103","Valdina","JAN","popolazione al 1º gennaio","9","totale","TOTAL","totale","99","totale","2024","2024",1258,"e","dato stimato"
"087052","Valverde","JAN","popolazione al 1º gennaio","9","totale","TOTAL","totale","99","totale","2024","2024",7839,"e","dato stimato"
"083104","Venetico","JAN","popolazione al 1º gennaio","9","totale","TOTAL","totale","99","totale","2024","2024",3969,"e","dato stimato"
"082077","Ventimiglia di Sicilia","JAN","popolazione al 1º gennaio","9","totale","TOTAL","totale","99","totale","2024","2024",1775,"e","dato stimato"
"087053","Viagrande","JAN","popolazione al 1º gennaio","9","totale","TOTAL","totale","99","totale","2024","2024",8935,"e","dato stimato"
"082078","Vicari","JAN","popolazione al 1º gennaio","9","totale","TOTAL","totale","99","totale","2024","2024",2390,"e","dato stimato"
"082079","Villabate","JAN","popolazione al 1º gennaio","9","totale","TOTAL","totale","99","totale","2024","2024",19550,"e","dato stimato"
"084043","Villafranca Sicula","JAN","popolazione al 1º gennaio","9","totale","TOTAL","totale","99","totale","2024","2024",1320,"e","dato stimato"
"083105","Villafranca Tirrena","JAN","popolazione al 1º gennaio","9","totale","TOTAL","totale","99","totale","2024","2024",7918,"e","dato stimato"
"082080","Villafrati","JAN","popolazione al 1º gennaio","9","totale","TOTAL","totale","99","totale","2024","2024",3104,"e","dato stimato"
"085022","Villalba","JAN","popolazione al 1º gennaio","9","totale","TOTAL","totale","99","totale","2024","2024",1390,"e","dato stimato"
"086020","Villarosa","JAN","popolazione al 1º gennaio","9","totale","TOTAL","totale","99","totale","2024","2024",4328,"e","dato stimato"
"081023","Vita","JAN","popolazione al 1º gennaio","9","totale","TOTAL","totale","99","totale","2024","2024",1761,"e","dato stimato"
"087055","Zafferana Etnea","JAN","popolazione al 1º gennaio","9","totale","TOTAL","totale","99","totale","2024","2024",9397,"e","dato stimato"
"086019","Valguarnera Caropepe","JAN","popolazione al 1º gennaio","9","totale","TOTAL","totale","99","totale","2024","2024",6837,"e","dato stimato"
"088012","Vittoria","JAN","popolazione al 1º gennaio","9","totale","TOTAL","totale","99","totale","2024","2024",64678,"e","dato stimato"
"087054","Vizzini","JAN","popolazione al 1º gennaio","9","totale","TOTAL","totale","99","totale","2024","2024",5649,"e","dato stimato"
"082032","Collesano","JAN","popolazione al 1º gennaio","9","totale","TOTAL","totale","99","totale","2024","2024",3616,"e","dato stimato"
"081025","Misiliscemi","JAN","popolazione al 1º gennaio","9","totale","TOTAL","totale","99","totale","2024","2024",8417,"e","dato stimato"
